Timestamp,Temp(°C),Hum(%),Lum(%)
2026-03-28 02:19:08,0.0,0.0,0.0
2026-03-28 02:19:09,23.5,53.0,1.0
2026-03-28 02:19:10,23.5,53.0,2.0
2026-03-28 02:19:11,23.5,53.0,1.0
2026-03-28 02:19:12,23.5,53.0,1.0
2026-03-28 02:19:13,23.5,53.0,1.0
2026-03-28 02:19:14,23.5,53.0,3.0
2026-03-28 02:19:15,23.5,53.0,3.0
2026-03-28 02:19:16,23.5,53.0,2.0
2026-03-28 02:19:17,23.5,53.0,2.0
2026-03-28 02:19:18,23.5,53.0,1.0
2026-03-28 02:19:19,23.5,53.0,2.0
2026-03-28 02:19:20,23.5,54.0,2.0
2026-03-28 02:19:21,23.5,54.0,3.0
2026-03-28 02:19:22,23.5,54.0,2.0
2026-03-28 02:19:23,23.5,53.0,1.0
2026-03-28 02:19:24,23.5,53.0,3.0
2026-03-28 02:19:25,23.5,53.0,1.0
2026-03-28 02:19:26,23.5,53.0,2.0
2026-03-28 02:19:27,23.5,53.0,3.0
2026-03-28 02:19:28,23.5,53.0,1.0
2026-03-28 02:19:29,23.5,53.0,3.0
2026-03-28 02:19:30,23.5,53.0,1.0
2026-03-28 02:19:31,23.5,53.0,2.0
2026-03-28 02:19:32,23.5,53.0,2.0
2026-03-28 02:19:33,23.5,53.0,1.0
2026-03-28 02:19:34,23.5,53.0,2.0
2026-03-28 02:19:35,23.5,53.0,1.0
2026-03-28 02:22:57,0.0,0.0,0.0
2026-03-28 02:22:58,0.0,0.0,0.0
2026-03-28 02:22:59,23.5,54.0,1.0
2026-03-28 02:23:00,23.5,54.0,2.0
2026-03-28 02:23:01,23.5,54.0,2.0
2026-03-28 02:23:02,23.5,54.0,1.0
2026-03-28 02:23:03,23.5,54.0,2.0
2026-03-28 02:23:04,23.5,54.0,1.0
2026-03-28 02:23:05,23.5,54.0,1.0
2026-03-28 02:23:06,23.5,54.0,1.0
2026-03-28 02:23:07,23.5,54.0,3.0
2026-03-28 02:23:08,23.5,54.0,2.0
2026-03-28 02:23:09,23.5,54.0,2.0
2026-03-28 02:23:10,23.5,54.0,1.0
2026-03-28 02:23:11,23.5,54.0,3.0
2026-03-28 02:23:12,23.5,53.0,2.0
2026-03-28 02:23:13,23.5,53.0,3.0
2026-03-28 02:23:14,23.5,53.0,1.0
2026-03-28 02:23:15,23.5,53.0,1.0
2026-03-28 02:23:16,23.5,53.0,1.0
2026-03-28 02:23:17,23.5,53.0,2.0
2026-03-28 02:23:18,23.5,53.0,2.0
2026-03-28 02:23:19,23.5,53.0,1.0
2026-03-28 02:23:20,23.5,53.0,2.0
2026-03-28 02:23:21,23.5,53.0,2.0
2026-03-28 02:28:20,23.5,53.0,2.0
2026-03-28 02:28:21,23.5,53.0,2.0
2026-03-28 08:39:25,0.0,0.0,0.0
2026-03-28 08:39:26,23.0,58.0,92.0
2026-03-28 08:43:27,24.0,55.0,98.0
2026-03-28 08:43:28,24.0,55.0,98.0
2026-03-28 08:53:02,0.0,0.0,0.0
2026-03-28 08:53:03,24.4,53.0,98.0
2026-03-28 08:53:04,24.4,53.0,98.0
2026-03-28 08:53:05,24.4,53.0,98.0
2026-03-28 08:53:06,24.4,53.0,98.0
2026-03-28 08:53:07,24.4,53.0,98.0
2026-03-28 08:53:08,24.4,53.0,98.0
2026-03-28 08:53:09,24.4,53.0,98.0
2026-03-28 08:53:10,24.4,53.0,98.0
2026-03-28 08:53:11,24.4,53.0,98.0
2026-03-28 08:53:12,24.4,53.0,98.0
2026-03-28 08:53:13,24.4,53.0,98.0
2026-03-28 08:53:14,24.4,53.0,11.0
2026-03-28 08:53:15,24.4,53.0,11.0
2026-03-28 08:53:16,24.4,53.0,11.0
2026-03-28 08:53:17,24.4,54.0,11.0
2026-03-28 08:53:18,24.4,54.0,12.0
2026-03-28 08:53:19,24.4,61.0,98.0
2026-03-28 08:53:20,24.4,61.0,98.0
2026-03-28 08:53:21,24.4,65.0,98.0
2026-03-28 08:53:22,24.4,65.0,98.0
2026-03-28 08:53:23,24.4,65.0,98.0
2026-03-28 08:53:24,24.5,59.0,98.0
2026-03-28 08:53:25,24.5,59.0,98.0
2026-03-28 08:53:26,24.6,56.0,98.0
2026-03-28 08:53:27,24.6,56.0,98.0
2026-03-28 08:53:28,24.6,55.0,98.0
2026-03-28 08:53:29,24.6,55.0,98.0
2026-03-28 08:53:30,24.6,54.0,98.0
2026-03-28 08:53:31,24.6,54.0,98.0
2026-03-28 08:53:32,24.6,54.0,98.0
2026-03-28 08:53:33,24.7,53.0,98.0
2026-03-28 08:53:34,24.7,53.0,98.0
2026-03-28 08:53:35,24.7,53.0,98.0
2026-03-28 08:53:36,24.7,53.0,98.0
2026-03-28 08:53:37,24.7,54.0,98.0
2026-03-28 08:53:38,24.7,54.0,98.0
2026-03-28 08:53:39,24.7,54.0,98.0
2026-03-28 08:53:40,24.7,54.0,98.0
2026-03-28 08:53:41,24.7,54.0,98.0
2026-03-28 08:53:42,24.7,53.0,98.0
2026-03-28 08:53:43,24.7,53.0,98.0
2026-03-28 08:53:44,24.7,53.0,98.0
2026-03-28 08:53:45,24.7,53.0,98.0
2026-03-28 08:53:46,24.7,53.0,98.0
2026-03-28 08:53:47,24.7,53.0,98.0
2026-03-28 08:53:48,24.7,53.0,98.0
2026-03-28 08:53:49,24.7,52.0,98.0
2026-03-28 08:53:50,24.7,52.0,98.0
2026-03-28 08:53:51,24.7,52.0,98.0
2026-03-28 08:53:52,24.7,52.0,98.0
2026-03-28 08:53:53,24.7,52.0,98.0
2026-03-28 08:53:54,24.7,52.0,98.0
2026-03-28 08:53:55,24.7,52.0,98.0
2026-03-28 08:53:56,24.7,52.0,98.0
2026-03-28 08:53:57,24.7,52.0,98.0
2026-03-28 08:53:58,24.7,52.0,98.0
2026-03-28 08:53:59,24.7,52.0,98.0
2026-03-28 08:54:00,24.7,52.0,98.0
2026-03-28 08:54:01,24.7,52.0,98.0
2026-03-28 08:54:02,24.6,52.0,98.0
2026-03-28 08:54:03,24.6,52.0,98.0
2026-03-28 08:54:04,24.6,52.0,98.0
2026-03-28 08:54:05,24.6,52.0,98.0
2026-03-28 08:54:06,24.6,52.0,98.0
2026-03-28 08:54:07,24.6,52.0,98.0
2026-03-28 08:54:08,24.6,52.0,98.0
2026-03-28 08:54:09,24.6,52.0,98.0
2026-03-28 08:54:10,24.6,52.0,98.0
2026-03-28 08:54:11,24.6,52.0,98.0
2026-03-28 08:54:12,24.6,52.0,98.0
2026-03-28 08:54:13,24.6,52.0,98.0
2026-03-28 08:54:14,24.6,52.0,98.0
2026-03-28 08:54:15,24.6,52.0,98.0
2026-03-28 08:54:16,24.6,52.0,98.0
2026-03-28 08:54:17,24.6,52.0,98.0
2026-03-28 08:54:18,24.5,52.0,98.0
2026-03-28 08:54:19,24.5,52.0,98.0
2026-03-28 08:54:20,24.5,52.0,98.0
2026-03-28 08:54:21,24.5,52.0,98.0
2026-03-28 08:54:22,24.5,52.0,98.0
2026-03-28 08:54:23,24.5,52.0,98.0
2026-03-28 08:54:24,24.5,52.0,98.0
2026-03-28 08:54:25,24.5,52.0,98.0
2026-03-28 08:54:26,24.5,52.0,98.0
2026-03-28 08:54:27,24.5,52.0,98.0
2026-03-28 08:54:28,24.5,52.0,98.0
2026-03-28 08:54:29,24.5,52.0,98.0
2026-03-28 08:54:30,24.5,53.0,98.0
2026-03-28 08:54:31,24.5,53.0,98.0
2026-03-28 08:54:32,24.5,53.0,98.0
2026-03-28 08:54:33,24.5,53.0,98.0
2026-03-28 08:54:34,24.5,53.0,98.0
2026-03-28 08:54:35,24.5,53.0,98.0
2026-03-28 08:54:36,24.5,52.0,98.0
2026-03-28 08:54:37,24.5,52.0,98.0
2026-03-28 08:54:38,24.5,52.0,98.0
2026-03-28 08:54:39,24.5,52.0,98.0
2026-03-28 08:54:40,24.5,52.0,98.0
2026-03-28 08:54:41,24.4,53.0,98.0
2026-03-28 08:54:42,24.4,53.0,98.0
2026-03-28 08:54:43,24.4,53.0,98.0
2026-03-28 08:54:44,24.4,53.0,98.0
2026-03-28 08:54:45,24.4,53.0,98.0
2026-03-28 08:54:46,24.4,53.0,98.0
2026-03-28 08:54:47,24.4,53.0,98.0
2026-03-28 08:54:48,24.4,52.0,98.0
2026-03-28 08:54:49,24.4,52.0,98.0
2026-03-28 08:54:50,24.4,53.0,98.0
2026-03-28 08:54:51,24.4,53.0,98.0
2026-03-28 08:54:52,24.4,53.0,98.0
2026-03-28 08:54:53,24.4,53.0,98.0
2026-03-28 08:54:54,24.4,53.0,98.0
2026-03-28 08:54:55,24.4,53.0,98.0
2026-03-28 08:54:56,24.4,53.0,98.0
2026-03-28 08:54:57,24.4,53.0,98.0
2026-03-28 08:54:58,24.4,53.0,98.0
2026-03-28 08:54:59,24.4,53.0,98.0
2026-03-28 08:55:00,24.4,53.0,98.0
2026-03-28 08:55:01,24.4,53.0,98.0
2026-03-28 08:55:02,24.4,53.0,98.0
2026-03-28 08:55:03,24.4,53.0,98.0
2026-03-28 08:55:04,24.4,53.0,98.0
2026-03-28 08:55:05,24.4,53.0,98.0
2026-03-28 08:55:06,24.4,53.0,98.0
2026-03-28 08:55:07,24.4,53.0,98.0
2026-03-28 08:55:08,24.4,53.0,98.0
2026-03-28 08:55:09,24.4,53.0,98.0
2026-03-28 08:55:10,24.4,53.0,98.0
2026-03-28 08:55:11,24.4,53.0,98.0
2026-03-28 08:55:12,24.4,53.0,98.0
2026-03-28 08:55:13,24.4,53.0,98.0
2026-03-28 08:55:14,24.4,53.0,98.0
2026-03-28 08:55:15,24.4,53.0,98.0
2026-03-28 08:55:16,24.4,53.0,98.0
2026-03-28 08:55:17,24.4,53.0,98.0
2026-03-28 08:55:18,24.4,53.0,98.0
2026-03-28 08:55:19,24.4,53.0,98.0
2026-03-28 08:55:20,24.4,53.0,98.0
2026-03-28 08:55:21,24.4,53.0,98.0
2026-03-28 08:55:22,24.4,53.0,98.0
2026-03-28 08:55:23,24.4,53.0,98.0
2026-03-28 08:55:24,24.4,53.0,98.0
2026-03-28 08:55:25,24.4,53.0,98.0
2026-03-28 08:55:26,24.4,53.0,98.0
2026-03-28 08:55:27,24.4,53.0,98.0
2026-03-28 08:55:28,24.4,53.0,98.0
2026-03-28 08:55:29,24.3,53.0,98.0
2026-03-28 08:55:30,24.3,53.0,98.0
2026-03-28 08:55:31,24.3,53.0,98.0
2026-03-28 08:55:32,24.3,53.0,98.0
2026-03-28 08:55:33,24.4,53.0,98.0
2026-03-28 08:55:34,24.4,53.0,98.0
2026-03-28 08:55:35,24.3,53.0,98.0
2026-03-28 08:55:36,24.3,53.0,98.0
2026-03-28 08:55:37,24.3,53.0,98.0
2026-03-28 08:55:38,24.3,53.0,98.0
2026-03-28 08:55:39,24.3,53.0,98.0
2026-03-28 08:55:40,24.3,53.0,98.0
2026-03-28 08:55:41,24.3,53.0,98.0
2026-03-28 08:55:42,24.3,53.0,98.0
2026-03-28 08:55:43,24.3,53.0,98.0
2026-03-28 08:55:44,24.3,53.0,98.0
2026-03-28 08:55:45,24.3,53.0,98.0
2026-03-28 08:55:46,24.3,53.0,98.0
2026-03-28 08:55:47,24.3,53.0,98.0
2026-03-28 08:55:48,24.3,53.0,98.0
2026-03-28 08:55:49,24.3,53.0,98.0
2026-03-28 08:55:50,24.3,53.0,98.0
2026-03-28 08:55:51,24.3,53.0,98.0
2026-03-28 08:55:52,24.3,53.0,98.0
2026-03-28 08:55:53,24.3,53.0,98.0
2026-03-28 08:55:54,24.3,53.0,98.0
2026-03-28 08:55:55,24.3,53.0,98.0
2026-03-28 08:55:56,24.2,53.0,98.0
2026-03-28 08:55:57,24.2,53.0,98.0
2026-03-28 08:55:58,24.3,53.0,98.0
2026-03-28 08:55:59,24.3,53.0,98.0
2026-03-28 08:56:00,24.2,53.0,98.0
2026-03-28 08:56:01,24.2,53.0,98.0
2026-03-28 08:56:02,24.2,53.0,98.0
2026-03-28 08:56:03,24.2,53.0,98.0
2026-03-28 08:56:04,24.2,53.0,98.0
2026-03-28 08:56:05,24.2,53.0,98.0
2026-03-28 08:56:06,24.2,53.0,98.0
2026-03-28 08:56:07,24.2,53.0,98.0
2026-03-28 08:56:08,24.2,53.0,98.0
2026-03-28 08:56:09,24.2,53.0,98.0
2026-03-28 08:56:10,24.2,53.0,98.0
2026-03-28 08:56:11,24.2,53.0,98.0
2026-03-28 08:56:12,24.2,53.0,98.0
2026-03-28 08:56:13,24.2,53.0,98.0
2026-03-28 08:56:14,24.2,53.0,98.0
2026-03-28 08:56:15,24.2,53.0,98.0
2026-03-28 08:56:16,24.2,53.0,98.0
2026-03-28 08:56:17,24.2,53.0,98.0
2026-03-28 08:56:18,24.2,53.0,98.0
2026-03-28 08:56:19,24.2,53.0,98.0
2026-03-28 08:56:20,24.2,53.0,98.0
2026-03-28 08:56:21,24.2,53.0,98.0
2026-03-28 08:56:22,24.2,53.0,98.0
2026-03-28 08:56:23,24.2,53.0,98.0
2026-03-28 08:56:24,24.2,53.0,98.0
2026-03-28 08:56:25,24.2,53.0,98.0
2026-03-28 08:56:26,24.2,53.0,98.0
2026-03-28 08:56:27,24.2,53.0,98.0
2026-03-28 08:56:28,24.2,53.0,98.0
2026-03-28 08:56:29,24.2,53.0,98.0
2026-03-28 08:56:30,24.2,53.0,98.0
2026-03-28 08:56:31,24.2,53.0,98.0
2026-03-28 08:56:32,24.2,53.0,98.0
2026-03-28 08:56:33,24.2,53.0,98.0
2026-03-28 09:01:19,24.6,52.0,98.0
2026-03-28 09:01:16,24.6,52.0,98.0
2026-03-28 09:01:17,24.6,52.0,98.0
2026-03-28 09:01:18,24.6,52.0,98.0
2026-03-28 09:01:19,24.6,52.0,98.0
2026-03-28 09:01:16,24.6,52.0,98.0
2026-03-28 09:01:17,24.6,52.0,98.0
2026-03-28 09:01:18,24.6,52.0,98.0
2026-03-28 09:01:19,24.6,52.0,98.0
2026-03-28 09:01:21,0.0,0.0,0.0
2026-03-28 09:01:22,24.6,52.0,98.0
2026-03-28 09:01:23,24.6,52.0,98.0
2026-03-28 09:01:24,24.6,52.0,98.0
2026-03-28 09:01:25,24.6,52.0,98.0
2026-03-28 09:01:26,24.6,52.0,98.0
2026-03-28 09:01:27,24.6,52.0,98.0
2026-03-28 09:01:28,24.6,52.0,98.0
2026-03-28 09:01:29,24.6,52.0,98.0
2026-03-28 09:01:30,24.6,52.0,98.0
2026-03-28 09:01:31,24.6,52.0,98.0
2026-03-28 09:01:32,24.6,52.0,98.0
2026-03-28 09:01:33,24.6,52.0,98.0
2026-03-28 09:01:34,24.6,52.0,44.0
2026-03-28 09:01:35,24.6,52.0,98.0
2026-03-28 09:01:36,24.6,54.0,98.0
2026-03-28 09:01:37,24.6,54.0,98.0
2026-03-28 09:01:38,24.6,56.0,26.0
2026-03-28 09:01:39,24.6,56.0,26.0
2026-03-28 09:01:40,24.6,55.0,26.0
2026-03-28 09:01:41,24.6,55.0,25.0
2026-03-28 09:01:42,24.7,55.0,98.0
2026-03-28 09:01:43,24.7,57.0,98.0
2026-03-28 09:01:44,24.7,57.0,98.0
2026-03-28 09:01:45,24.7,56.0,33.0
2026-03-28 09:01:46,24.7,56.0,28.0
2026-03-28 09:01:47,24.7,54.0,98.0
2026-03-28 09:01:48,24.7,54.0,98.0
2026-03-28 09:01:49,24.7,54.0,98.0
2026-03-28 09:01:50,24.7,54.0,98.0
2026-03-28 09:01:51,24.7,53.0,98.0
2026-03-28 09:01:52,24.7,53.0,98.0
2026-03-28 09:01:53,24.7,53.0,98.0
2026-03-28 09:01:54,24.7,53.0,98.0
2026-03-28 09:01:55,24.7,53.0,98.0
2026-03-28 09:01:56,24.7,53.0,98.0
2026-03-28 09:01:57,24.7,53.0,98.0
2026-03-28 09:01:58,24.7,53.0,98.0
2026-03-28 09:01:59,24.7,53.0,98.0
2026-03-28 09:02:00,24.7,52.0,98.0
2026-03-28 09:02:01,24.7,52.0,98.0
2026-03-28 09:02:02,24.7,52.0,98.0
2026-03-28 09:02:03,24.7,52.0,98.0
2026-03-28 09:02:04,24.7,52.0,98.0
2026-03-28 09:02:05,24.7,52.0,98.0
2026-03-28 09:02:06,24.7,52.0,98.0
2026-03-28 09:02:07,24.7,52.0,98.0
2026-03-28 09:02:08,24.7,52.0,98.0
2026-03-28 09:02:09,24.7,52.0,98.0
2026-03-28 09:02:10,24.7,52.0,98.0
2026-03-28 09:02:11,24.7,52.0,98.0
2026-03-28 09:02:12,24.7,52.0,98.0
2026-03-28 09:02:13,24.7,52.0,98.0
2026-03-28 09:02:14,24.7,52.0,98.0
2026-03-28 09:02:15,24.7,52.0,98.0
2026-03-28 09:02:16,24.7,52.0,98.0
2026-03-28 09:02:17,24.7,52.0,98.0
2026-03-28 09:02:18,24.7,52.0,98.0
2026-03-28 09:02:19,24.7,52.0,98.0
2026-03-28 09:02:20,24.7,52.0,98.0
2026-03-28 09:02:21,24.7,52.0,98.0
2026-03-28 09:02:22,24.7,52.0,98.0
2026-03-28 09:02:23,24.7,52.0,98.0
2026-03-28 09:02:24,24.7,52.0,98.0
2026-03-28 09:02:25,24.7,52.0,98.0
2026-03-28 09:02:26,24.7,52.0,98.0
2026-03-28 09:02:27,24.7,52.0,98.0
2026-03-28 09:02:28,24.7,52.0,98.0
2026-03-28 09:02:29,24.7,52.0,98.0
2026-03-28 09:02:30,24.7,52.0,98.0
2026-03-28 09:02:31,24.7,52.0,98.0
2026-03-28 09:02:32,24.7,52.0,98.0
2026-03-28 09:02:33,24.7,52.0,98.0
2026-03-28 09:02:34,24.7,52.0,98.0
2026-03-28 09:02:35,24.7,52.0,98.0
2026-03-28 09:02:36,24.7,52.0,98.0
2026-03-28 09:02:37,24.7,52.0,98.0
2026-03-28 09:02:38,24.7,52.0,98.0
2026-03-28 09:02:39,24.7,52.0,98.0
2026-03-28 09:02:40,24.7,52.0,98.0
2026-03-28 09:02:41,24.7,52.0,98.0
2026-03-28 09:02:42,24.7,52.0,98.0
2026-03-28 09:02:43,24.7,52.0,98.0
2026-03-28 09:02:44,24.7,51.0,98.0
2026-03-28 09:02:45,24.7,51.0,98.0
2026-03-28 09:02:46,24.7,51.0,98.0
2026-03-28 09:02:47,24.7,51.0,98.0
2026-03-28 09:02:48,24.7,51.0,98.0
2026-03-28 09:02:49,24.7,51.0,98.0
2026-03-28 09:02:50,24.7,51.0,98.0
2026-03-28 09:02:51,24.7,52.0,98.0
2026-03-28 09:02:52,24.7,52.0,98.0
2026-03-28 09:02:53,24.7,51.0,98.0
2026-03-28 09:02:54,24.7,51.0,98.0
2026-03-28 09:02:55,24.7,52.0,98.0
2026-03-28 09:02:56,24.7,52.0,98.0
2026-03-28 09:02:57,24.7,52.0,98.0
2026-03-28 09:02:58,24.7,52.0,98.0
2026-03-28 09:02:59,24.7,52.0,98.0
2026-03-28 09:03:00,24.7,52.0,98.0
2026-03-28 09:03:01,24.7,52.0,98.0
2026-03-28 09:03:02,24.7,52.0,98.0
2026-03-28 09:03:03,24.7,52.0,98.0
2026-03-28 09:03:04,24.7,52.0,98.0
2026-03-28 09:03:05,24.7,52.0,98.0
2026-03-28 09:03:06,24.7,52.0,98.0
2026-03-28 09:03:07,24.7,52.0,98.0
2026-03-28 09:03:08,24.7,52.0,98.0
2026-03-28 09:03:09,24.7,52.0,98.0
2026-03-28 09:03:10,24.7,52.0,98.0
2026-03-28 09:03:11,24.7,52.0,98.0
2026-03-28 09:03:12,24.7,52.0,98.0
2026-03-28 09:03:13,24.7,52.0,98.0
2026-03-28 09:03:14,24.7,52.0,98.0
2026-03-28 09:03:15,24.7,52.0,98.0
2026-03-28 09:03:16,24.7,52.0,98.0
2026-03-28 09:03:17,24.7,52.0,98.0
2026-03-28 09:03:18,24.7,52.0,98.0
2026-03-28 09:03:19,24.7,52.0,98.0
2026-03-28 09:03:20,24.7,52.0,98.0
2026-03-28 09:03:21,24.7,52.0,98.0
2026-03-28 09:03:22,24.7,52.0,98.0
2026-03-28 09:03:23,24.7,52.0,98.0
2026-03-28 09:03:24,24.7,52.0,98.0
2026-03-28 09:03:25,24.7,52.0,98.0
2026-03-28 09:03:26,24.7,52.0,98.0
2026-03-28 09:03:27,24.7,52.0,98.0
2026-03-28 09:03:28,24.7,52.0,98.0
2026-03-28 09:03:29,24.7,52.0,98.0
2026-03-28 09:03:30,24.7,52.0,98.0
2026-03-28 09:03:31,24.7,52.0,98.0
2026-03-28 09:03:32,24.7,52.0,98.0
2026-03-28 09:03:33,24.7,52.0,98.0
2026-03-28 09:03:34,24.7,52.0,98.0
2026-03-28 09:03:35,24.7,52.0,98.0
2026-03-28 09:03:36,24.7,51.0,98.0
2026-03-28 09:03:37,24.7,51.0,98.0
2026-03-28 09:03:38,24.7,51.0,98.0
2026-03-28 09:03:39,24.7,51.0,98.0
2026-03-28 09:03:40,24.7,51.0,98.0
2026-03-28 09:03:41,24.7,51.0,98.0
2026-03-28 09:03:42,24.7,51.0,98.0
2026-03-28 09:03:43,24.7,51.0,98.0
2026-03-28 09:03:44,24.7,51.0,98.0
2026-03-28 09:03:45,24.7,51.0,98.0
2026-03-28 09:03:46,24.7,51.0,98.0
2026-03-28 09:03:47,24.7,51.0,98.0
2026-03-28 09:03:48,24.7,51.0,98.0
2026-03-28 09:03:49,24.7,51.0,98.0
2026-03-28 09:03:50,24.7,52.0,98.0
2026-03-28 09:03:51,24.7,52.0,98.0
2026-03-28 09:03:52,24.7,52.0,98.0
2026-03-28 09:03:53,24.7,52.0,98.0
2026-03-28 09:03:54,24.7,52.0,98.0
2026-03-28 09:03:55,24.7,52.0,98.0
2026-03-28 09:03:56,24.7,52.0,98.0
2026-03-28 09:03:57,24.7,52.0,98.0
2026-03-28 09:03:58,24.7,52.0,98.0
2026-03-28 09:03:59,24.7,52.0,98.0
2026-03-28 09:04:00,24.7,52.0,98.0
2026-03-28 09:04:01,24.7,52.0,98.0
2026-03-28 09:04:02,24.7,52.0,98.0
2026-03-28 09:04:03,24.7,52.0,98.0
2026-03-28 09:04:04,24.7,52.0,98.0
2026-03-28 09:04:05,24.7,52.0,98.0
2026-03-28 09:04:06,24.7,52.0,98.0
2026-03-28 09:04:07,24.7,52.0,98.0
2026-03-28 09:04:08,24.7,52.0,98.0
2026-03-28 09:04:09,24.7,52.0,98.0
2026-03-28 09:04:10,24.7,52.0,98.0
2026-03-28 09:04:11,24.7,52.0,98.0
2026-03-28 09:04:12,24.7,52.0,98.0
2026-03-28 09:04:13,24.7,52.0,98.0
2026-03-28 09:04:14,24.7,52.0,98.0
2026-03-28 09:04:15,24.7,52.0,98.0
2026-03-28 09:04:16,24.7,52.0,98.0
2026-03-28 09:04:17,24.7,52.0,98.0
2026-03-28 09:04:18,24.7,52.0,98.0
2026-03-28 09:04:19,24.7,52.0,98.0
2026-03-28 09:04:20,24.7,52.0,98.0
2026-03-28 09:04:21,24.7,52.0,98.0
2026-03-28 09:04:22,24.7,52.0,98.0
2026-03-28 09:04:23,24.7,52.0,98.0
2026-03-28 09:04:24,24.7,52.0,98.0
2026-03-28 09:04:25,24.7,52.0,98.0
2026-03-28 09:04:26,24.6,52.0,98.0
2026-03-28 09:04:27,24.6,52.0,98.0
2026-03-28 09:04:28,24.7,52.0,98.0
2026-03-28 09:04:29,24.7,52.0,98.0
2026-03-28 09:04:30,24.7,52.0,98.0
2026-03-28 09:04:31,24.7,52.0,98.0
2026-03-28 09:04:32,24.7,52.0,98.0
2026-03-28 09:04:33,24.6,52.0,98.0
2026-03-28 09:04:34,24.6,52.0,98.0
2026-03-28 09:04:35,24.7,52.0,98.0
2026-03-28 09:04:36,24.7,52.0,98.0
2026-03-28 09:04:37,24.7,52.0,98.0
2026-03-28 09:04:38,24.7,52.0,98.0
2026-03-28 09:04:39,24.7,52.0,98.0
2026-03-28 09:04:40,24.7,52.0,98.0
2026-03-28 09:04:41,24.7,52.0,98.0
2026-03-28 09:04:42,24.7,52.0,98.0
2026-03-28 09:04:43,24.7,52.0,98.0
2026-03-28 09:04:44,24.7,52.0,98.0
2026-03-28 09:04:45,24.7,52.0,98.0
2026-03-28 09:04:46,24.7,52.0,98.0
2026-03-28 09:04:47,24.7,52.0,98.0
2026-03-28 09:04:48,24.7,52.0,98.0
2026-03-28 09:04:49,24.7,52.0,98.0
2026-03-28 09:04:50,24.7,52.0,98.0
2026-03-28 09:04:51,24.7,52.0,98.0
2026-03-28 09:04:52,24.7,52.0,98.0
2026-03-28 09:04:53,24.7,52.0,98.0
2026-03-28 09:04:54,24.7,52.0,98.0
2026-03-28 09:04:55,24.7,52.0,98.0
2026-03-28 09:04:56,24.7,52.0,98.0
2026-03-28 09:04:57,24.7,52.0,98.0
2026-03-28 09:04:58,24.7,52.0,98.0
2026-03-28 09:04:59,24.7,52.0,98.0
2026-03-28 09:05:00,24.7,52.0,98.0
2026-03-28 09:05:01,24.7,52.0,98.0
2026-03-28 09:05:02,24.7,52.0,98.0
2026-03-28 09:05:03,24.7,52.0,98.0
2026-03-28 09:05:04,24.7,52.0,98.0
2026-03-28 09:05:05,24.7,52.0,98.0
2026-03-28 09:05:06,24.7,52.0,98.0
2026-03-28 09:05:07,24.7,52.0,98.0
2026-03-28 09:05:08,24.7,52.0,98.0
2026-03-28 09:05:09,24.7,52.0,98.0
2026-03-28 09:05:10,24.7,52.0,98.0
2026-03-28 09:05:11,24.7,52.0,98.0
2026-03-28 09:05:12,24.7,52.0,98.0
2026-03-28 09:05:13,24.7,52.0,98.0
2026-03-28 09:05:14,24.7,52.0,98.0
2026-03-28 09:05:15,24.7,52.0,98.0
2026-03-28 09:05:16,24.7,52.0,98.0
2026-03-28 09:05:17,24.7,52.0,98.0
2026-03-28 09:05:18,24.7,52.0,98.0
2026-03-28 09:05:19,24.7,52.0,98.0
2026-03-28 09:05:20,24.7,52.0,98.0
2026-03-28 09:05:21,24.7,52.0,98.0
2026-03-28 09:05:22,24.7,52.0,98.0
2026-03-28 09:05:23,24.7,52.0,98.0
2026-03-28 09:05:24,24.7,52.0,98.0
2026-03-28 09:05:25,24.7,52.0,95.0
2026-03-28 09:05:26,24.7,52.0,98.0
2026-03-28 09:05:27,24.7,52.0,98.0
2026-03-28 09:05:28,24.7,52.0,98.0
2026-03-28 09:05:29,24.7,52.0,98.0
2026-03-28 09:05:30,24.7,52.0,98.0
2026-03-28 09:05:31,24.7,52.0,98.0
2026-03-28 09:05:32,24.7,52.0,98.0
2026-03-28 09:05:33,24.7,52.0,98.0
2026-03-28 09:05:34,24.7,52.0,98.0
2026-03-28 09:05:35,24.7,52.0,98.0
2026-03-28 09:05:36,24.7,52.0,98.0
2026-03-28 09:05:37,24.7,52.0,98.0
2026-03-28 09:05:38,24.7,52.0,98.0
2026-03-28 09:05:39,24.7,52.0,98.0
2026-03-28 09:05:40,24.7,52.0,98.0
2026-03-28 09:05:41,24.7,52.0,98.0
2026-03-28 09:05:42,24.7,52.0,98.0
2026-03-28 09:05:43,24.7,52.0,98.0
2026-03-28 09:05:44,24.7,52.0,98.0
2026-03-28 09:05:45,24.7,52.0,98.0
2026-03-28 09:05:46,24.7,52.0,98.0
2026-03-28 09:05:47,24.7,52.0,92.0
2026-03-28 09:05:48,24.7,52.0,98.0
2026-03-28 09:05:49,24.7,52.0,98.0
2026-03-28 09:05:50,24.7,52.0,98.0
2026-03-28 09:05:51,24.7,52.0,98.0
2026-03-28 09:05:52,24.7,52.0,98.0
2026-03-28 09:05:53,24.7,52.0,98.0
2026-03-28 09:05:54,24.7,52.0,98.0
2026-03-28 09:05:55,24.7,52.0,98.0
2026-03-28 09:05:56,24.7,52.0,98.0
2026-03-28 09:05:57,24.7,52.0,98.0
2026-03-28 09:05:58,24.7,52.0,98.0
2026-03-28 09:05:59,24.7,52.0,98.0
2026-03-28 09:06:00,24.7,52.0,98.0
2026-03-28 09:06:01,24.7,52.0,98.0
2026-03-28 09:06:02,24.7,52.0,98.0
2026-03-28 09:06:03,24.7,52.0,98.0
2026-03-28 09:06:04,24.7,52.0,98.0
2026-03-28 09:06:05,24.7,52.0,98.0
2026-03-28 09:06:06,24.7,52.0,98.0
2026-03-28 09:06:07,24.7,52.0,98.0
2026-03-28 09:06:08,24.8,52.0,98.0
2026-03-28 09:06:09,24.8,52.0,98.0
2026-03-28 09:06:10,24.7,52.0,98.0
2026-03-28 09:06:11,24.7,52.0,98.0
2026-03-28 09:06:12,24.7,52.0,98.0
2026-03-28 09:06:13,24.8,52.0,98.0
2026-03-28 09:06:14,24.8,52.0,98.0
2026-03-28 09:06:15,24.8,52.0,98.0
2026-03-28 09:06:16,24.8,52.0,98.0
2026-03-28 09:06:17,24.8,52.0,98.0
2026-03-28 09:06:18,24.8,52.0,98.0
2026-03-28 09:06:19,24.8,52.0,98.0
2026-03-28 09:06:20,24.8,52.0,98.0
2026-03-28 09:06:21,24.8,52.0,98.0
2026-03-28 09:06:22,24.8,52.0,98.0
2026-03-28 09:06:23,24.8,52.0,98.0
2026-03-28 09:06:24,24.8,52.0,98.0
2026-03-28 09:06:25,24.8,52.0,98.0
2026-03-28 09:06:26,24.8,52.0,98.0
2026-03-28 09:06:27,24.8,52.0,98.0
2026-03-28 09:06:28,24.8,52.0,98.0
2026-03-28 09:06:29,24.8,52.0,98.0
2026-03-28 09:06:30,24.8,52.0,98.0
2026-03-28 09:06:31,24.8,51.0,98.0
2026-03-28 09:06:32,24.8,51.0,98.0
2026-03-28 09:06:33,24.8,51.0,98.0
2026-03-28 09:06:34,24.8,51.0,98.0
2026-03-28 09:06:35,24.8,51.0,98.0
2026-03-28 09:06:36,24.8,51.0,98.0
2026-03-28 09:06:37,24.8,51.0,98.0
2026-03-28 09:06:38,24.8,51.0,98.0
2026-03-28 09:06:39,24.8,51.0,98.0
2026-03-28 09:06:40,24.8,51.0,98.0
2026-03-28 09:06:41,24.8,51.0,98.0
2026-03-28 09:06:42,24.8,51.0,98.0
2026-03-28 09:06:43,24.8,51.0,98.0
2026-03-28 09:06:44,24.8,51.0,98.0
2026-03-28 09:06:45,24.8,51.0,98.0
2026-03-28 09:06:46,24.8,51.0,98.0
2026-03-28 09:06:47,24.8,51.0,98.0
2026-03-28 09:06:48,24.8,51.0,98.0
2026-03-28 09:06:49,24.8,51.0,98.0
2026-03-28 09:06:50,24.8,51.0,98.0
2026-03-28 09:06:51,24.8,50.0,98.0
2026-03-28 09:06:52,24.8,50.0,98.0
2026-03-28 09:06:53,24.8,50.0,98.0
2026-03-28 09:06:54,24.8,50.0,98.0
2026-03-28 09:06:55,24.8,50.0,98.0
2026-03-28 09:06:56,24.8,50.0,98.0
2026-03-28 09:06:57,24.8,50.0,98.0
2026-03-28 09:06:58,24.8,50.0,98.0
2026-03-28 09:06:59,24.8,50.0,98.0
2026-03-28 09:07:00,24.8,50.0,98.0
2026-03-28 09:07:01,24.8,50.0,98.0
2026-03-28 09:07:02,24.8,50.0,98.0
2026-03-28 09:07:03,24.8,51.0,98.0
2026-03-28 09:07:04,24.8,51.0,98.0
2026-03-28 09:07:05,24.8,51.0,98.0
2026-03-28 09:07:06,24.8,51.0,98.0
2026-03-28 09:07:07,24.8,51.0,98.0
2026-03-28 09:07:08,24.8,51.0,98.0
2026-03-28 09:07:09,24.8,51.0,98.0
2026-03-28 09:07:10,24.8,51.0,98.0
2026-03-28 09:07:11,24.8,51.0,98.0
2026-03-28 09:07:12,24.8,50.0,98.0
2026-03-28 09:07:13,24.8,50.0,98.0
2026-03-28 09:07:14,24.8,50.0,98.0
2026-03-28 09:07:15,24.8,50.0,98.0
2026-03-28 09:07:16,24.8,50.0,98.0
2026-03-28 09:07:17,24.8,50.0,98.0
2026-03-28 09:07:18,24.8,50.0,98.0
2026-03-28 09:07:19,24.8,50.0,98.0
2026-03-28 09:07:20,24.8,50.0,98.0
2026-03-28 09:07:21,24.8,50.0,98.0
2026-03-28 09:07:22,24.8,50.0,98.0
2026-03-28 09:07:23,24.8,50.0,98.0
2026-03-28 09:07:24,24.8,50.0,98.0
2026-03-28 09:07:25,24.8,50.0,98.0
2026-03-28 09:07:26,24.8,50.0,98.0
2026-03-28 09:07:27,24.8,50.0,98.0
2026-03-28 09:07:28,24.8,50.0,98.0
2026-03-28 09:07:29,24.8,50.0,98.0
2026-03-28 09:07:30,24.8,50.0,98.0
2026-03-28 09:07:31,24.8,50.0,98.0
2026-03-28 09:07:32,24.8,50.0,98.0
2026-03-28 09:07:33,24.8,50.0,98.0
2026-03-28 09:07:34,24.8,50.0,98.0
2026-03-28 09:07:35,24.8,50.0,98.0
2026-03-28 09:07:36,24.8,50.0,98.0
2026-03-28 09:07:37,24.8,50.0,98.0
2026-03-28 09:07:38,24.8,50.0,98.0
2026-03-28 09:07:39,24.8,50.0,90.0
2026-03-28 09:07:40,24.8,50.0,89.0
2026-03-28 09:07:41,24.8,50.0,90.0
2026-03-28 09:07:42,24.8,50.0,89.0
2026-03-28 09:07:43,24.8,50.0,85.0
2026-03-28 09:07:44,24.8,51.0,98.0
2026-03-28 09:07:45,24.8,51.0,98.0
2026-03-28 09:07:46,24.8,52.0,98.0
2026-03-28 09:07:47,24.8,52.0,67.0
2026-03-28 09:07:48,24.8,52.0,93.0
2026-03-28 09:07:49,24.8,52.0,98.0
2026-03-28 09:07:50,24.8,52.0,98.0
2026-03-28 09:07:51,24.8,52.0,98.0
2026-03-28 09:07:52,24.8,52.0,98.0
2026-03-28 09:07:53,24.8,52.0,98.0
2026-03-28 09:07:54,24.8,52.0,98.0
2026-03-28 09:07:55,24.8,52.0,98.0
2026-03-28 09:07:56,24.8,52.0,98.0
2026-03-28 09:07:57,24.8,52.0,98.0
2026-03-28 09:07:58,24.8,52.0,98.0
2026-03-28 09:07:59,24.8,51.0,98.0
2026-03-28 09:08:00,24.8,51.0,98.0
2026-03-28 09:08:01,24.8,51.0,98.0
2026-03-28 09:08:02,24.8,51.0,98.0
2026-03-28 09:08:03,24.8,51.0,98.0
2026-03-28 09:08:04,24.8,51.0,98.0
2026-03-28 09:08:05,24.8,51.0,98.0
2026-03-28 09:08:06,24.8,51.0,98.0
2026-03-28 09:08:07,24.8,51.0,98.0
2026-03-28 09:08:08,24.8,51.0,98.0
2026-03-28 09:08:09,24.8,51.0,98.0
2026-03-28 09:08:10,24.8,51.0,98.0
2026-03-28 09:08:11,24.8,51.0,98.0
2026-03-28 09:08:12,24.8,51.0,98.0
2026-03-28 09:08:13,24.8,51.0,98.0
2026-03-28 09:08:14,24.8,51.0,98.0
2026-03-28 09:08:15,24.8,51.0,98.0
2026-03-28 09:08:16,24.8,51.0,98.0
2026-03-28 09:08:17,24.8,51.0,98.0
2026-03-28 09:08:18,24.8,51.0,98.0
2026-03-28 09:08:19,24.8,51.0,98.0
2026-03-28 09:08:20,24.8,51.0,98.0
2026-03-28 09:08:21,24.8,51.0,98.0
2026-03-28 09:08:22,24.8,51.0,98.0
2026-03-28 09:08:23,24.8,51.0,98.0
2026-03-28 09:08:24,24.8,51.0,98.0
2026-03-28 09:08:25,24.8,51.0,98.0
2026-03-28 09:08:26,24.8,51.0,98.0
2026-03-28 09:08:27,24.8,51.0,98.0
2026-03-28 09:08:28,24.8,51.0,98.0
2026-03-28 09:08:29,24.8,51.0,98.0
2026-03-28 09:08:30,24.8,51.0,98.0
2026-03-28 09:08:31,24.8,51.0,98.0
2026-03-28 09:08:32,24.8,51.0,98.0
2026-03-28 09:08:33,24.8,51.0,98.0
2026-03-28 09:08:34,24.8,51.0,98.0
2026-03-28 09:08:35,24.8,51.0,98.0
2026-03-28 09:08:36,24.8,51.0,98.0
2026-03-28 09:08:37,24.8,51.0,98.0
2026-03-28 09:08:38,24.8,50.0,98.0
2026-03-28 09:08:39,24.8,50.0,98.0
2026-03-28 09:08:40,24.8,50.0,98.0
2026-03-28 09:08:41,24.8,50.0,98.0
2026-03-28 09:08:42,24.8,50.0,98.0
2026-03-28 09:08:43,24.8,50.0,98.0
2026-03-28 09:08:44,24.8,50.0,98.0
2026-03-28 09:08:45,24.8,50.0,98.0
2026-03-28 09:08:46,24.8,50.0,98.0
2026-03-28 09:08:47,24.8,50.0,98.0
2026-03-28 09:08:48,24.8,50.0,98.0
2026-03-28 09:08:49,24.8,50.0,98.0
2026-03-28 09:08:50,24.8,50.0,98.0
2026-03-28 09:08:51,24.8,50.0,98.0
2026-03-28 09:08:52,24.8,50.0,98.0
2026-03-28 09:08:53,24.8,50.0,98.0
2026-03-28 09:08:54,24.8,50.0,98.0
2026-03-28 09:08:55,24.8,50.0,98.0
2026-03-28 09:08:56,24.8,50.0,98.0
2026-03-28 09:08:57,24.8,50.0,98.0
2026-03-28 09:08:58,24.8,50.0,98.0
2026-03-28 09:08:59,24.8,50.0,98.0
2026-03-28 09:09:00,24.8,50.0,98.0
2026-03-28 09:09:01,24.8,50.0,98.0
2026-03-28 09:09:02,24.8,50.0,98.0
2026-03-28 09:09:03,24.8,50.0,98.0
2026-03-28 09:09:04,24.8,50.0,98.0
2026-03-28 09:09:05,24.8,50.0,98.0
2026-03-28 09:09:06,24.8,50.0,98.0
2026-03-28 09:09:07,24.8,50.0,98.0
2026-03-28 09:09:08,24.8,50.0,98.0
2026-03-28 09:09:09,24.8,50.0,98.0
2026-03-28 09:09:10,24.8,50.0,98.0
2026-03-28 09:09:11,24.8,50.0,98.0
2026-03-28 09:09:12,24.8,50.0,98.0
2026-03-28 09:09:13,24.8,50.0,98.0
2026-03-28 09:09:14,24.8,50.0,98.0
2026-03-28 09:09:15,24.8,50.0,98.0
2026-03-28 09:09:16,24.8,50.0,98.0
2026-03-28 09:09:17,24.8,50.0,98.0
2026-03-28 09:09:18,24.8,50.0,98.0
2026-03-28 09:09:19,24.8,50.0,98.0
2026-03-28 09:09:20,24.8,50.0,98.0
2026-03-28 09:09:21,24.8,50.0,98.0
2026-03-28 09:09:22,24.8,50.0,98.0
2026-03-28 09:09:23,24.8,50.0,98.0
2026-03-28 09:09:24,24.8,50.0,98.0
2026-03-28 09:09:25,24.8,50.0,98.0
2026-03-28 09:09:26,24.8,50.0,98.0
2026-03-28 09:09:27,24.8,50.0,98.0
2026-03-28 09:09:28,24.8,50.0,98.0
2026-03-28 09:09:29,24.8,50.0,98.0
2026-03-28 09:09:30,24.8,51.0,98.0
2026-03-28 09:09:31,24.8,51.0,98.0
2026-03-28 09:09:32,24.8,51.0,98.0
2026-03-28 09:09:33,24.8,51.0,98.0
2026-03-28 09:09:34,24.8,51.0,98.0
2026-03-28 09:09:35,24.8,50.0,98.0
2026-03-28 09:09:36,24.8,50.0,98.0
2026-03-28 09:09:37,24.8,50.0,98.0
2026-03-28 09:09:38,24.8,50.0,98.0
2026-03-28 09:09:39,24.8,50.0,98.0
2026-03-28 09:09:40,24.8,50.0,98.0
2026-03-28 09:09:41,24.8,50.0,98.0
2026-03-28 09:09:42,24.8,50.0,98.0
2026-03-28 09:09:43,24.8,50.0,98.0
2026-03-28 09:09:44,24.8,50.0,98.0
2026-03-28 09:09:45,24.8,50.0,98.0
2026-03-28 09:09:46,24.8,50.0,98.0
2026-03-28 09:09:47,24.8,50.0,98.0
2026-03-28 09:10:09,24.8,51.0,98.0
2026-03-28 09:10:11,0.0,0.0,0.0
2026-03-28 09:10:12,24.8,50.0,98.0
2026-03-28 09:10:13,24.8,50.0,98.0
2026-03-28 09:10:14,24.8,50.0,98.0
2026-03-28 09:10:15,24.8,50.0,98.0
2026-03-28 09:10:16,24.8,50.0,98.0
2026-03-28 09:10:17,24.8,50.0,98.0
2026-03-28 09:10:18,24.8,50.0,98.0
2026-03-28 09:10:19,24.8,50.0,98.0
2026-03-28 09:10:20,24.8,50.0,98.0
2026-03-28 09:10:21,24.8,50.0,98.0
2026-03-28 09:10:22,24.8,50.0,98.0
2026-03-28 09:10:23,24.8,50.0,98.0
2026-03-28 09:10:24,24.8,50.0,98.0
2026-03-28 09:10:25,24.8,50.0,98.0
2026-03-28 09:10:26,24.8,50.0,98.0
2026-03-28 09:10:27,24.8,50.0,98.0
2026-03-28 09:10:28,24.8,50.0,98.0
2026-03-28 09:10:29,24.8,50.0,98.0
2026-03-28 09:10:30,24.8,51.0,98.0
2026-03-28 09:10:31,24.8,51.0,98.0
2026-03-28 09:10:32,24.8,51.0,98.0
2026-03-28 09:10:33,24.8,51.0,98.0
2026-03-28 09:10:34,24.8,51.0,98.0
2026-03-28 09:10:35,24.8,51.0,98.0
2026-03-28 09:10:36,24.8,51.0,98.0
2026-03-28 09:10:37,24.8,51.0,98.0
2026-03-28 09:10:38,24.8,51.0,98.0
2026-03-28 09:10:39,24.8,51.0,98.0
2026-03-28 09:10:40,24.8,51.0,98.0
2026-03-28 09:10:41,24.8,51.0,98.0
2026-03-28 09:10:42,24.8,51.0,98.0
2026-03-28 09:10:43,24.8,51.0,98.0
2026-03-28 09:10:44,24.8,51.0,98.0
2026-03-28 09:10:45,24.8,51.0,98.0
2026-03-28 09:10:46,24.8,51.0,98.0
2026-03-28 09:10:47,24.8,51.0,98.0
2026-03-28 09:10:48,24.8,51.0,98.0
2026-03-28 09:10:49,24.8,51.0,98.0
2026-03-28 09:10:50,24.8,51.0,98.0
2026-03-28 09:10:51,24.8,51.0,98.0
2026-03-28 09:10:52,24.8,51.0,98.0
2026-03-28 09:10:53,24.8,51.0,98.0
2026-03-28 09:10:54,24.8,51.0,98.0
2026-03-28 09:10:55,24.9,51.0,98.0
2026-03-28 09:10:56,24.9,51.0,98.0
2026-03-28 09:10:57,24.9,51.0,98.0
2026-03-28 09:10:58,24.8,51.0,98.0
2026-03-28 09:10:59,24.8,51.0,98.0
2026-03-28 09:11:00,24.8,50.0,98.0
2026-03-28 09:11:01,24.8,50.0,98.0
2026-03-28 09:11:02,24.8,50.0,98.0
2026-03-28 09:11:03,24.8,50.0,98.0
2026-03-28 09:11:04,24.8,50.0,98.0
2026-03-28 09:11:05,24.8,50.0,98.0
2026-03-28 09:11:06,24.8,50.0,98.0
2026-03-28 09:11:07,24.8,50.0,98.0
2026-03-28 09:11:08,24.8,50.0,98.0
2026-03-28 09:11:09,24.8,50.0,98.0
2026-03-28 09:11:10,24.8,50.0,98.0
2026-03-28 09:11:11,24.8,50.0,98.0
2026-03-28 09:11:12,24.8,50.0,98.0
2026-03-28 09:11:13,24.8,50.0,98.0
2026-03-28 09:11:14,24.8,50.0,98.0
2026-03-28 09:11:15,24.8,50.0,98.0
2026-03-28 09:11:16,24.9,50.0,98.0
2026-03-28 09:11:17,24.9,50.0,98.0
2026-03-28 09:11:18,24.8,50.0,98.0
2026-03-28 09:11:19,24.8,50.0,98.0
2026-03-28 09:11:20,24.8,50.0,98.0
2026-03-28 09:11:21,24.8,50.0,98.0
2026-03-28 09:11:22,24.8,50.0,98.0
2026-03-28 09:11:23,24.8,50.0,98.0
2026-03-28 09:11:24,24.8,50.0,98.0
2026-03-28 09:11:25,24.8,50.0,98.0
2026-03-28 09:11:26,24.8,50.0,98.0
2026-03-28 09:11:27,24.8,50.0,98.0
2026-03-28 09:11:28,24.8,50.0,98.0
2026-03-28 09:11:29,24.8,50.0,98.0
2026-03-28 09:11:30,24.8,50.0,98.0
2026-03-28 09:11:31,24.8,50.0,98.0
2026-03-28 09:11:32,24.8,50.0,98.0
2026-03-28 09:11:33,24.8,50.0,98.0
2026-03-28 09:11:34,24.8,50.0,98.0
2026-03-28 09:11:35,24.8,50.0,98.0
2026-03-28 09:11:36,24.8,50.0,98.0
2026-03-28 09:11:37,24.8,50.0,98.0
2026-03-28 09:11:38,24.8,50.0,98.0
2026-03-28 09:11:39,24.8,50.0,98.0
2026-03-28 09:11:40,24.8,50.0,98.0
2026-03-28 09:11:41,24.8,50.0,98.0
2026-03-28 09:11:42,24.8,50.0,98.0
2026-03-28 09:11:43,24.8,50.0,98.0
2026-03-28 09:11:44,24.8,50.0,98.0
2026-03-28 09:11:45,24.8,50.0,98.0
2026-03-28 09:11:46,24.8,50.0,98.0
2026-03-28 09:11:47,24.8,50.0,98.0
2026-03-28 09:11:48,24.8,50.0,98.0
2026-03-28 09:11:49,24.8,50.0,98.0
2026-03-28 09:11:50,24.8,50.0,98.0
2026-03-28 09:11:51,24.8,50.0,98.0
2026-03-28 09:11:52,24.8,50.0,98.0
2026-03-28 09:11:53,24.8,50.0,98.0
2026-03-28 09:11:54,24.8,50.0,98.0
2026-03-28 09:11:55,24.8,50.0,98.0
2026-03-28 09:11:56,24.8,50.0,98.0
2026-03-28 09:11:57,24.8,50.0,98.0
2026-03-28 09:11:58,24.8,50.0,98.0
2026-03-28 09:11:59,24.8,50.0,98.0
2026-03-28 09:12:00,24.8,50.0,98.0
2026-03-28 09:12:01,24.8,50.0,98.0
2026-03-28 09:12:02,24.8,50.0,98.0
2026-03-28 09:12:03,24.8,50.0,98.0
2026-03-28 09:12:04,24.8,50.0,98.0
2026-03-28 09:12:05,24.8,50.0,98.0
2026-03-28 09:12:06,24.8,51.0,98.0
2026-03-28 09:12:07,24.8,51.0,98.0
2026-03-28 09:12:08,24.8,51.0,98.0
2026-03-28 09:12:09,24.8,51.0,98.0
2026-03-28 09:12:10,24.8,51.0,98.0
2026-03-28 09:12:11,24.8,51.0,98.0
2026-03-28 09:12:12,24.8,51.0,98.0
2026-03-28 09:12:13,24.8,51.0,98.0
2026-03-28 09:12:14,24.8,51.0,98.0
2026-03-28 09:12:15,24.8,51.0,98.0
2026-03-28 09:12:16,24.8,51.0,98.0
2026-03-28 09:12:17,24.8,51.0,98.0
2026-03-28 09:12:18,24.8,51.0,98.0
2026-03-28 09:12:19,24.8,51.0,98.0
2026-03-28 09:12:20,24.8,51.0,98.0
2026-03-28 09:12:21,24.8,51.0,98.0
2026-03-28 09:12:22,24.8,51.0,98.0
2026-03-28 09:12:23,24.8,51.0,98.0
2026-03-28 09:12:24,24.8,51.0,98.0
2026-03-28 09:12:25,24.8,51.0,98.0
2026-03-28 09:12:26,24.8,51.0,98.0
2026-03-28 09:12:27,24.8,51.0,98.0
2026-03-28 09:12:28,24.8,51.0,98.0
2026-03-28 09:12:29,24.8,51.0,98.0
2026-03-28 09:12:30,24.8,51.0,98.0
2026-03-28 09:12:31,24.8,51.0,98.0
2026-03-28 09:12:32,24.8,51.0,98.0
2026-03-28 09:12:33,24.8,51.0,98.0
2026-03-28 09:12:34,24.8,51.0,98.0
2026-03-28 09:12:35,24.8,51.0,98.0
2026-03-28 09:12:36,24.8,51.0,98.0
2026-03-28 09:12:37,24.8,51.0,98.0
2026-03-28 09:12:38,24.8,51.0,98.0
2026-03-28 09:12:39,24.8,51.0,98.0
2026-03-28 09:12:40,24.8,51.0,98.0
2026-03-28 09:12:41,24.8,51.0,98.0
2026-03-28 09:12:42,24.8,51.0,98.0
2026-03-28 09:12:43,24.8,51.0,98.0
2026-03-28 09:12:44,24.8,51.0,98.0
2026-03-28 09:12:45,24.8,51.0,98.0
2026-03-28 09:12:46,24.8,51.0,98.0
2026-03-28 09:12:47,24.8,51.0,98.0
2026-03-28 09:12:48,24.8,51.0,98.0
2026-03-28 09:12:49,24.8,51.0,98.0
2026-03-28 09:12:50,24.8,51.0,98.0
2026-03-28 09:12:51,24.8,51.0,98.0
2026-03-28 09:12:52,24.8,51.0,98.0
2026-03-28 09:12:53,24.8,51.0,98.0
2026-03-28 09:12:54,24.8,51.0,98.0
2026-03-28 09:12:55,24.8,51.0,98.0
2026-03-28 09:12:56,24.8,51.0,98.0
2026-03-28 09:12:57,24.8,51.0,75.0
2026-03-28 09:12:58,24.8,51.0,41.0
2026-03-28 09:12:59,24.8,51.0,49.0
2026-03-28 09:13:34,24.8,50.0,50.0
2026-03-28 09:13:31,24.8,50.0,50.0
2026-03-28 09:13:32,24.8,50.0,51.0
2026-03-28 09:13:33,24.8,50.0,50.0
2026-03-28 09:13:34,24.8,50.0,50.0
2026-03-28 09:13:35,0.0,0.0,0.0
2026-03-28 09:13:36,0.0,0.0,0.0
2026-03-28 09:13:37,24.8,50.0,51.0
2026-03-28 09:13:38,24.8,50.0,51.0
2026-03-28 09:13:39,24.8,50.0,51.0
2026-03-28 09:13:40,24.8,50.0,51.0
2026-03-28 09:13:41,24.8,50.0,51.0
2026-03-28 09:13:42,24.8,50.0,51.0
2026-03-28 09:13:43,24.8,50.0,51.0
2026-03-28 09:13:44,24.8,50.0,52.0
2026-03-28 09:13:45,24.8,50.0,51.0
2026-03-28 09:13:46,24.9,50.0,53.0
2026-03-28 09:13:47,24.9,50.0,53.0
2026-03-28 09:13:48,24.9,50.0,52.0
2026-03-28 09:13:49,24.9,50.0,52.0
2026-03-28 09:13:50,24.9,50.0,53.0
2026-03-28 09:13:51,24.9,50.0,52.0
2026-03-28 09:13:52,24.9,50.0,52.0
2026-03-28 09:13:53,24.8,50.0,52.0
2026-03-28 09:13:54,24.8,50.0,52.0
2026-03-28 09:13:55,24.9,50.0,53.0
2026-03-28 09:13:56,24.9,50.0,53.0
2026-03-28 09:13:57,24.9,50.0,52.0
2026-03-28 09:13:58,24.9,50.0,53.0
2026-03-28 09:13:59,24.9,50.0,53.0
2026-03-28 09:14:00,24.9,50.0,53.0
2026-03-28 09:14:01,24.9,50.0,53.0
2026-03-28 09:14:02,24.9,50.0,53.0
2026-03-28 09:14:03,24.9,50.0,54.0
2026-03-28 09:14:04,24.9,50.0,54.0
2026-03-28 09:14:05,24.9,50.0,54.0
2026-03-28 09:14:06,24.9,50.0,54.0
2026-03-28 09:14:07,24.9,50.0,54.0
2026-03-28 09:14:08,24.9,50.0,54.0
2026-03-28 09:14:09,24.9,50.0,54.0
2026-03-28 09:14:10,24.9,50.0,54.0
2026-03-28 09:14:11,24.9,50.0,54.0
2026-03-28 09:14:12,24.9,50.0,54.0
2026-03-28 09:14:13,24.9,50.0,55.0
2026-03-28 09:14:14,24.9,50.0,55.0
2026-03-28 09:14:15,24.9,50.0,55.0
2026-03-28 09:14:16,24.9,50.0,56.0
2026-03-28 09:14:17,24.9,50.0,58.0
2026-03-28 09:14:18,24.9,50.0,57.0
2026-03-28 09:14:19,24.9,50.0,55.0
2026-03-28 09:14:20,24.9,50.0,65.0
2026-03-28 09:14:21,24.9,50.0,59.0
2026-03-28 09:14:22,24.9,50.0,39.0
2026-03-28 09:14:23,24.9,50.0,98.0
2026-03-28 09:14:24,24.9,51.0,98.0
2026-03-28 09:14:25,24.9,51.0,98.0
2026-03-28 09:14:26,24.9,51.0,98.0
2026-03-28 09:14:27,24.9,51.0,98.0
2026-03-28 09:14:28,24.9,51.0,98.0
2026-03-28 09:14:29,24.9,50.0,98.0
2026-03-28 09:14:30,24.9,50.0,98.0
2026-03-28 09:14:31,24.9,51.0,98.0
2026-03-28 09:14:32,24.9,51.0,98.0
2026-03-28 09:14:33,24.9,51.0,98.0
2026-03-28 09:14:34,24.9,51.0,98.0
2026-03-28 09:14:35,24.9,50.0,98.0
2026-03-28 09:14:36,24.9,50.0,98.0
2026-03-28 09:14:37,24.9,50.0,98.0
2026-03-28 09:14:38,24.9,51.0,89.0
2026-03-28 09:14:39,24.9,51.0,98.0
2026-03-28 09:14:40,24.9,52.0,46.0
2026-03-28 09:14:41,24.9,52.0,98.0
2026-03-28 09:14:42,24.9,51.0,98.0
2026-03-28 09:14:43,24.9,51.0,98.0
2026-03-28 09:14:44,24.9,51.0,98.0
2026-03-28 09:14:45,24.9,50.0,98.0
2026-03-28 09:14:46,24.9,50.0,98.0
2026-03-28 09:14:47,24.9,50.0,98.0
2026-03-28 09:14:48,24.9,50.0,98.0
2026-03-28 09:14:49,24.9,50.0,98.0
2026-03-28 09:14:50,24.9,50.0,98.0
2026-03-28 09:14:51,24.9,50.0,98.0
2026-03-28 09:14:52,24.9,50.0,98.0
2026-03-28 09:14:53,24.9,50.0,98.0
2026-03-28 09:14:54,24.9,50.0,98.0
2026-03-28 09:14:55,24.9,50.0,98.0
2026-03-28 09:14:56,24.9,50.0,98.0
2026-03-28 09:14:57,24.9,50.0,98.0
2026-03-28 09:14:58,24.9,51.0,98.0
2026-03-28 09:14:59,24.9,51.0,98.0
2026-03-28 09:15:00,24.9,53.0,98.0
2026-03-28 09:15:01,24.9,53.0,98.0
2026-03-28 09:15:02,24.9,53.0,98.0
2026-03-28 09:15:03,24.9,52.0,98.0
2026-03-28 09:15:04,24.9,52.0,98.0
2026-03-28 09:15:05,24.9,53.0,98.0
2026-03-28 09:15:06,24.9,53.0,98.0
2026-03-28 09:15:07,24.9,53.0,98.0
2026-03-28 09:15:08,24.9,53.0,98.0
2026-03-28 09:15:09,24.9,53.0,98.0
2026-03-28 09:15:10,24.8,53.0,98.0
2026-03-28 09:15:11,24.8,53.0,98.0
2026-03-28 09:15:12,24.9,53.0,98.0
2026-03-28 09:15:13,24.9,53.0,98.0
2026-03-28 09:15:14,24.9,54.0,98.0
2026-03-28 09:15:15,24.9,54.0,98.0
2026-03-28 09:15:16,24.9,53.0,98.0
2026-03-28 09:15:17,24.9,53.0,98.0
2026-03-28 09:15:18,24.9,53.0,98.0
2026-03-28 09:15:19,24.8,51.0,98.0
2026-03-28 09:15:20,24.8,51.0,98.0
2026-03-28 09:15:21,24.8,51.0,98.0
2026-03-28 09:15:22,24.8,51.0,98.0
2026-03-28 09:15:23,24.9,50.0,98.0
2026-03-28 09:15:24,24.9,50.0,98.0
2026-03-28 09:15:25,24.8,50.0,98.0
2026-03-28 09:15:26,24.8,50.0,98.0
2026-03-28 09:15:27,24.8,50.0,98.0
2026-03-28 09:15:28,24.8,51.0,98.0
2026-03-28 09:15:29,24.8,51.0,98.0
2026-03-28 09:15:30,24.8,51.0,98.0
2026-03-28 09:15:31,24.8,51.0,98.0
2026-03-28 09:15:32,24.9,51.0,98.0
2026-03-28 09:15:33,24.9,51.0,98.0
2026-03-28 09:15:34,24.9,51.0,98.0
2026-03-28 09:15:35,24.9,50.0,98.0
2026-03-28 09:15:36,24.9,50.0,98.0
2026-03-28 09:15:37,24.8,50.0,98.0
2026-03-28 09:15:38,24.8,50.0,98.0
2026-03-28 09:15:39,24.8,50.0,98.0
2026-03-28 09:15:40,24.8,50.0,98.0
2026-03-28 09:15:41,24.8,50.0,98.0
2026-03-28 09:15:42,24.8,50.0,98.0
2026-03-28 09:15:43,24.8,50.0,98.0
2026-03-28 09:15:44,24.8,50.0,98.0
2026-03-28 09:15:45,24.8,50.0,98.0
2026-03-28 09:15:46,24.8,49.0,98.0
2026-03-28 09:15:47,24.8,49.0,98.0
2026-03-28 09:15:48,24.8,49.0,98.0
2026-03-28 09:15:49,24.8,49.0,98.0
2026-03-28 09:15:50,24.8,49.0,98.0
2026-03-28 09:15:51,24.8,49.0,98.0
2026-03-28 09:15:52,24.8,49.0,98.0
2026-03-28 09:15:53,24.8,49.0,98.0
2026-03-28 09:15:54,24.8,49.0,98.0
2026-03-28 09:15:55,24.8,49.0,98.0
2026-03-28 09:15:56,24.8,49.0,98.0
2026-03-28 09:15:57,24.8,49.0,98.0
2026-03-28 09:15:58,24.8,51.0,98.0
2026-03-28 09:15:59,24.8,53.0,98.0
2026-03-28 09:16:04,24.8,52.0,98.0
2026-03-28 09:16:05,24.8,52.0,98.0
2026-03-28 09:16:06,24.8,51.0,98.0
2026-03-28 09:16:07,24.8,51.0,98.0
2026-03-28 09:16:09,0.0,0.0,0.0
2026-03-28 09:16:10,24.8,50.0,98.0
2026-03-28 09:16:11,24.8,50.0,98.0
2026-03-28 09:16:12,24.8,50.0,98.0
2026-03-28 09:16:13,24.8,50.0,98.0
2026-03-28 09:16:14,24.8,50.0,98.0
2026-03-28 09:16:15,24.8,51.0,98.0
2026-03-28 09:16:16,24.8,51.0,98.0
2026-03-28 09:16:17,24.8,52.0,98.0
2026-03-28 09:16:18,24.8,52.0,98.0
2026-03-28 09:16:19,24.8,52.0,98.0
2026-03-28 09:16:20,24.8,51.0,98.0
2026-03-28 09:16:21,24.8,51.0,98.0
2026-03-28 09:16:22,24.8,51.0,98.0
2026-03-28 09:16:23,24.8,51.0,98.0
2026-03-28 09:16:24,24.8,50.0,98.0
2026-03-28 09:16:25,24.8,50.0,98.0
2026-03-28 09:16:26,24.8,50.0,98.0
2026-03-28 09:16:27,24.8,50.0,98.0
2026-03-28 09:16:28,24.8,50.0,98.0
2026-03-28 09:16:29,24.8,50.0,98.0
2026-03-28 09:16:30,24.8,50.0,67.0
2026-03-28 09:16:31,24.8,49.0,20.0
2026-03-28 09:16:32,24.8,49.0,26.0
2026-03-28 09:16:33,24.8,50.0,27.0
2026-03-28 09:16:34,24.8,50.0,28.0
2026-03-28 09:16:35,24.8,50.0,58.0
2026-03-28 09:16:36,24.8,51.0,74.0
2026-03-28 09:16:37,24.8,50.0,56.0
2026-03-28 09:16:38,24.8,50.0,98.0
2026-03-28 09:16:39,24.8,50.0,98.0
2026-03-28 09:16:40,24.8,50.0,98.0
2026-03-28 09:16:41,24.8,50.0,98.0
2026-03-28 09:16:42,24.8,50.0,98.0
2026-03-28 09:16:43,24.8,50.0,98.0
2026-03-28 09:16:44,24.8,49.0,98.0
2026-03-28 09:16:45,24.8,49.0,98.0
2026-03-28 09:16:46,24.8,49.0,98.0
2026-03-28 09:16:47,24.8,49.0,98.0
2026-03-28 09:16:48,24.8,49.0,98.0
2026-03-28 09:16:49,24.8,50.0,98.0
2026-03-28 09:16:50,24.8,50.0,98.0
2026-03-28 09:16:51,24.8,49.0,98.0
2026-03-28 09:16:52,24.8,49.0,98.0
2026-03-28 09:16:53,24.8,49.0,98.0
2026-03-28 09:16:54,24.8,49.0,98.0
2026-03-28 09:16:55,24.8,49.0,98.0
2026-03-28 09:16:56,24.8,49.0,98.0
2026-03-28 09:16:57,24.8,49.0,98.0
2026-03-28 09:16:58,24.8,49.0,98.0
2026-03-28 09:16:59,24.8,49.0,98.0
2026-03-28 09:17:00,24.8,49.0,98.0
2026-03-28 09:17:01,24.8,49.0,98.0
2026-03-28 09:17:02,24.8,49.0,98.0
2026-03-28 09:17:03,24.8,49.0,98.0
2026-03-28 09:17:04,24.8,49.0,98.0
2026-03-28 09:17:05,24.8,49.0,98.0
2026-03-28 09:17:06,24.8,49.0,98.0
2026-03-28 09:17:07,24.8,49.0,98.0
2026-03-28 09:17:08,24.8,49.0,98.0
2026-03-28 09:17:09,24.8,49.0,98.0
2026-03-28 09:17:10,24.8,49.0,98.0
2026-03-28 09:17:11,24.8,49.0,98.0
2026-03-28 09:17:12,24.8,49.0,98.0
2026-03-28 09:17:13,24.8,49.0,98.0
2026-03-28 09:17:14,24.8,49.0,98.0
2026-03-28 09:17:15,24.8,49.0,98.0
2026-03-28 09:17:16,24.8,49.0,98.0
2026-03-28 09:17:17,24.8,49.0,98.0
2026-03-28 09:17:18,24.8,49.0,98.0
2026-03-28 09:17:19,24.8,49.0,98.0
2026-03-28 09:17:20,24.8,49.0,98.0
2026-03-28 09:17:21,24.7,49.0,98.0
2026-03-28 09:17:22,24.7,49.0,98.0
2026-03-28 09:17:23,24.7,50.0,98.0
2026-03-28 09:17:24,24.7,50.0,98.0
2026-03-28 09:17:25,24.7,50.0,98.0
2026-03-28 09:17:26,24.7,50.0,98.0
2026-03-28 09:17:27,24.7,50.0,98.0
2026-03-28 09:17:28,24.7,50.0,98.0
2026-03-28 09:17:29,24.7,50.0,98.0
2026-03-28 09:17:30,24.7,51.0,98.0
2026-03-28 09:17:31,24.7,51.0,98.0
2026-03-28 09:17:32,24.7,50.0,98.0
2026-03-28 09:17:33,24.7,50.0,98.0
2026-03-28 09:17:34,24.7,50.0,98.0
2026-03-28 09:17:35,24.7,50.0,98.0
2026-03-28 09:17:36,24.8,59.0,98.0
2026-03-28 09:17:37,24.8,59.0,98.0
2026-03-28 09:17:38,24.8,59.0,98.0
2026-03-28 09:17:39,24.8,76.0,98.0
2026-03-28 09:17:40,24.8,76.0,98.0
2026-03-28 09:17:41,25.0,85.0,98.0
2026-03-28 09:17:42,25.0,85.0,98.0
2026-03-28 09:17:43,25.1,90.0,98.0
2026-03-28 09:17:44,25.1,90.0,98.0
2026-03-28 09:17:45,25.1,90.0,98.0
2026-03-28 09:17:46,25.2,85.0,98.0
2026-03-28 09:17:47,25.2,85.0,98.0
2026-03-28 09:17:48,25.3,69.0,98.0
2026-03-28 09:17:49,25.3,69.0,98.0
2026-03-28 09:17:50,25.3,61.0,98.0
2026-03-28 09:17:51,25.3,61.0,98.0
2026-03-28 09:17:52,25.3,57.0,98.0
2026-03-28 09:17:53,25.3,57.0,98.0
2026-03-28 09:17:54,25.3,57.0,98.0
2026-03-28 09:17:55,25.3,54.0,98.0
2026-03-28 09:17:56,25.3,54.0,98.0
2026-03-28 09:17:57,25.3,53.0,98.0
2026-03-28 09:17:58,25.3,53.0,98.0
2026-03-28 09:17:59,25.3,52.0,98.0
2026-03-28 09:18:00,25.3,52.0,98.0
2026-03-28 09:18:01,25.3,51.0,98.0
2026-03-28 09:18:02,25.3,51.0,98.0
2026-03-28 09:18:03,25.3,51.0,98.0
2026-03-28 09:18:04,25.3,51.0,98.0
2026-03-28 09:18:05,25.3,51.0,98.0
2026-03-28 09:18:06,25.3,51.0,98.0
2026-03-28 09:18:07,25.3,51.0,98.0
2026-03-28 09:18:08,25.3,50.0,98.0
2026-03-28 09:18:09,25.3,50.0,98.0
2026-03-28 09:18:10,25.3,50.0,98.0
2026-03-28 09:18:11,25.3,50.0,98.0
2026-03-28 09:18:12,25.3,50.0,98.0
2026-03-28 09:18:13,25.3,50.0,98.0
2026-03-28 09:18:14,25.3,50.0,98.0
2026-03-28 09:18:15,25.2,50.0,98.0
2026-03-28 09:18:16,25.2,50.0,98.0
2026-03-28 09:18:17,25.2,50.0,98.0
2026-03-28 09:18:18,25.2,50.0,98.0
2026-03-28 09:18:19,25.2,50.0,98.0
2026-03-28 09:18:20,25.2,50.0,98.0
2026-03-28 09:18:21,25.2,50.0,98.0
2026-03-28 09:18:22,25.2,49.0,98.0
2026-03-28 09:18:23,25.2,49.0,98.0
2026-03-28 09:18:24,25.2,49.0,98.0
2026-03-28 09:18:25,25.2,49.0,98.0
2026-03-28 09:18:26,25.2,49.0,98.0
2026-03-28 09:18:27,25.2,49.0,98.0
2026-03-28 09:18:28,25.2,49.0,98.0
2026-03-28 09:18:29,25.1,49.0,98.0
2026-03-28 09:18:30,25.1,49.0,98.0
2026-03-28 09:18:31,25.1,49.0,98.0
2026-03-28 09:18:32,25.1,49.0,98.0
2026-03-28 09:18:33,25.1,50.0,98.0
2026-03-28 09:18:34,25.1,50.0,98.0
2026-03-28 09:18:35,25.1,50.0,98.0
2026-03-28 09:18:36,25.1,50.0,98.0
2026-03-28 09:18:37,25.0,50.0,98.0
2026-03-28 09:18:38,25.0,50.0,98.0
2026-03-28 09:18:39,25.0,50.0,98.0
2026-03-28 09:18:40,25.0,50.0,98.0
2026-03-28 09:18:41,25.0,50.0,98.0
2026-03-28 09:18:42,25.0,50.0,98.0
2026-03-28 09:18:43,25.0,50.0,98.0
2026-03-28 09:18:44,25.0,50.0,98.0
2026-03-28 09:18:45,25.0,50.0,98.0
2026-03-28 09:18:46,25.0,50.0,98.0
2026-03-28 09:18:47,25.0,50.0,98.0
2026-03-28 09:18:48,25.0,50.0,98.0
2026-03-28 09:18:49,25.0,49.0,98.0
2026-03-28 09:18:50,25.0,49.0,98.0
2026-03-28 09:18:51,25.0,49.0,98.0
2026-03-28 09:18:52,25.0,49.0,98.0
2026-03-28 09:18:53,25.0,50.0,98.0
2026-03-28 09:18:54,25.0,50.0,98.0
2026-03-28 09:18:55,25.0,50.0,98.0
2026-03-28 09:18:56,25.0,50.0,98.0
2026-03-28 09:18:57,25.0,50.0,98.0
2026-03-28 09:18:58,25.0,50.0,98.0
2026-03-28 09:18:59,25.0,50.0,98.0
2026-03-28 09:19:00,25.0,50.0,98.0
2026-03-28 09:19:01,25.0,50.0,98.0
2026-03-28 09:19:02,25.0,50.0,98.0
2026-03-28 09:19:03,25.0,50.0,98.0
2026-03-28 09:19:04,25.0,50.0,98.0
2026-03-28 09:19:05,25.0,50.0,98.0
2026-03-28 09:19:06,25.0,50.0,98.0
2026-03-28 09:19:07,25.0,50.0,98.0
2026-03-28 09:19:08,25.0,50.0,98.0
2026-03-28 09:19:09,25.0,50.0,98.0
2026-03-28 09:19:10,25.0,50.0,98.0
2026-03-28 09:19:11,25.0,50.0,98.0
2026-03-28 09:19:12,25.0,50.0,98.0
2026-03-28 09:19:13,25.0,50.0,98.0
2026-03-28 09:19:14,25.0,50.0,98.0
2026-03-28 09:19:15,25.0,50.0,98.0
2026-03-28 09:19:16,25.0,50.0,98.0
2026-03-28 09:19:17,25.0,50.0,98.0
2026-03-28 09:19:18,25.0,50.0,98.0
2026-03-28 09:19:19,25.0,50.0,98.0
2026-03-28 09:19:20,25.0,50.0,98.0
2026-03-28 09:19:21,25.0,50.0,98.0
2026-03-28 09:19:22,25.0,50.0,98.0
2026-03-28 09:19:23,25.0,50.0,98.0
2026-03-28 09:19:24,25.0,50.0,98.0
2026-03-28 09:19:25,25.0,50.0,98.0
2026-03-28 09:19:26,25.0,50.0,98.0
2026-03-28 09:19:27,25.0,50.0,98.0
2026-03-28 09:19:28,25.0,50.0,98.0
2026-03-28 09:19:29,25.0,50.0,98.0
2026-03-28 09:19:30,25.0,52.0,98.0
2026-03-28 09:19:31,25.0,52.0,98.0
2026-03-28 09:19:32,25.0,52.0,98.0
2026-03-28 09:19:33,25.0,52.0,98.0
2026-03-28 09:19:34,25.0,52.0,98.0
2026-03-28 09:19:35,25.0,52.0,98.0
2026-03-28 09:19:36,25.0,52.0,98.0
2026-03-28 09:19:37,25.0,51.0,98.0
2026-03-28 09:19:38,25.0,51.0,98.0
2026-03-28 09:19:39,25.0,51.0,98.0
2026-03-28 09:19:40,25.0,51.0,98.0
2026-03-28 09:19:41,25.0,50.0,98.0
2026-03-28 09:19:42,25.0,50.0,98.0
2026-03-28 09:19:43,25.0,50.0,98.0
2026-03-28 09:19:44,25.0,50.0,98.0
2026-03-28 09:19:45,25.0,50.0,98.0
2026-03-28 09:19:46,25.0,50.0,98.0
2026-03-28 09:19:47,25.0,50.0,98.0
2026-03-28 09:19:48,25.0,50.0,98.0
2026-03-28 09:19:49,25.0,50.0,98.0
2026-03-28 09:19:50,25.0,50.0,98.0
2026-03-28 09:19:51,25.0,50.0,98.0
2026-03-28 09:19:52,25.0,50.0,98.0
2026-03-28 09:19:53,25.0,50.0,98.0
2026-03-28 09:19:54,25.0,50.0,98.0
2026-03-28 09:19:55,24.9,50.0,98.0
2026-03-28 09:19:56,24.9,50.0,98.0
2026-03-28 09:19:57,24.9,50.0,98.0
2026-03-28 09:19:58,24.9,50.0,98.0
2026-03-28 09:19:59,25.0,50.0,98.0
2026-03-28 09:20:00,25.0,50.0,98.0
2026-03-28 09:20:01,25.0,50.0,98.0
2026-03-28 09:20:02,25.0,50.0,98.0
2026-03-28 09:20:03,25.0,50.0,98.0
2026-03-28 09:20:04,25.0,50.0,98.0
2026-03-28 09:20:05,25.0,50.0,98.0
2026-03-28 09:20:06,25.0,52.0,98.0
2026-03-28 09:20:07,25.0,52.0,98.0
2026-03-28 09:20:08,24.9,52.0,98.0
2026-03-28 09:20:09,24.9,52.0,98.0
2026-03-28 09:20:10,24.9,51.0,98.0
2026-03-28 09:20:11,24.9,51.0,98.0
2026-03-28 09:20:12,24.9,51.0,98.0
2026-03-28 09:20:13,24.9,50.0,98.0
2026-03-28 09:20:14,24.9,50.0,98.0
2026-03-28 09:20:15,24.9,50.0,98.0
2026-03-28 09:20:16,24.9,50.0,98.0
2026-03-28 09:20:17,24.9,50.0,98.0
2026-03-28 09:20:18,24.9,50.0,98.0
2026-03-28 09:20:19,24.9,50.0,98.0
2026-03-28 09:20:20,24.9,50.0,98.0
2026-03-28 09:20:21,24.9,50.0,98.0
2026-03-28 09:20:22,24.9,50.0,98.0
2026-03-28 09:20:23,24.9,50.0,98.0
2026-03-28 09:20:24,24.9,50.0,98.0
2026-03-28 09:20:25,24.9,50.0,98.0
2026-03-28 09:20:26,24.9,50.0,98.0
2026-03-28 09:20:27,24.9,50.0,98.0
2026-03-28 09:20:28,24.9,50.0,98.0
2026-03-28 09:20:29,24.9,50.0,98.0
2026-03-28 09:20:30,24.9,50.0,98.0
2026-03-28 09:20:31,24.9,50.0,98.0
2026-03-28 09:20:32,24.9,50.0,98.0
2026-03-28 09:20:33,24.9,50.0,98.0
2026-03-28 09:20:34,24.9,50.0,98.0
2026-03-28 09:20:35,24.9,51.0,98.0
2026-03-28 09:20:36,24.9,51.0,98.0
2026-03-28 09:20:37,24.9,51.0,98.0
2026-03-28 09:20:38,24.9,51.0,98.0
2026-03-28 09:20:39,24.9,51.0,98.0
2026-03-28 09:20:40,25.0,50.0,98.0
2026-03-28 09:20:41,25.0,50.0,98.0
2026-03-28 09:20:42,24.9,50.0,98.0
2026-03-28 09:20:43,24.9,50.0,98.0
2026-03-28 09:20:44,24.9,50.0,98.0
2026-03-28 09:20:45,24.9,50.0,98.0
2026-03-28 09:20:46,24.9,50.0,98.0
2026-03-28 09:20:47,24.9,50.0,98.0
2026-03-28 09:20:48,24.9,50.0,98.0
2026-03-28 09:20:49,24.9,50.0,98.0
2026-03-28 09:20:50,24.9,50.0,98.0
2026-03-28 09:20:51,24.9,50.0,98.0
2026-03-28 09:20:52,24.9,50.0,98.0
2026-03-28 09:20:53,24.9,50.0,98.0
2026-03-28 09:20:54,25.0,50.0,98.0
2026-03-28 09:20:55,25.0,50.0,98.0
2026-03-28 09:20:56,25.0,50.0,98.0
2026-03-28 09:20:57,25.0,50.0,98.0
2026-03-28 09:20:58,25.0,49.0,98.0
2026-03-28 09:20:59,25.0,49.0,98.0
2026-03-28 09:21:00,25.0,49.0,98.0
2026-03-28 09:21:01,25.0,49.0,98.0
2026-03-28 09:21:02,25.0,49.0,98.0
2026-03-28 09:21:03,25.0,49.0,98.0
2026-03-28 09:21:04,25.0,49.0,98.0
2026-03-28 09:21:05,25.0,50.0,98.0
2026-03-28 09:21:06,25.0,50.0,98.0
2026-03-28 09:21:07,25.0,50.0,98.0
2026-03-28 09:21:08,25.0,50.0,98.0
2026-03-28 09:21:09,25.0,50.0,98.0
2026-03-28 09:21:10,25.0,50.0,98.0
2026-03-28 09:21:11,25.0,50.0,98.0
2026-03-28 09:21:12,25.0,50.0,98.0
2026-03-28 09:21:13,25.0,50.0,98.0
2026-03-28 09:21:14,24.9,50.0,98.0
2026-03-28 09:21:15,24.9,50.0,98.0
2026-03-28 09:21:16,25.0,50.0,98.0
2026-03-28 09:21:17,25.0,50.0,98.0
2026-03-28 09:21:18,25.0,50.0,98.0
2026-03-28 09:21:19,25.0,50.0,98.0
2026-03-28 09:21:20,25.0,50.0,98.0
2026-03-28 09:21:21,25.0,50.0,98.0
2026-03-28 09:21:22,25.0,50.0,98.0
2026-03-28 09:21:23,25.0,50.0,98.0
2026-03-28 09:21:24,25.0,50.0,98.0
2026-03-28 09:21:25,25.0,50.0,98.0
2026-03-28 09:21:26,25.0,50.0,98.0
2026-03-28 09:21:27,25.0,50.0,98.0
2026-03-28 09:21:28,25.0,51.0,98.0
2026-03-28 09:21:29,25.0,51.0,98.0
2026-03-28 09:21:30,25.0,50.0,98.0
2026-03-28 09:21:31,25.0,50.0,98.0
2026-03-28 09:21:32,25.0,50.0,98.0
2026-03-28 09:21:33,25.0,50.0,98.0
2026-03-28 09:21:34,25.0,50.0,98.0
2026-03-28 09:21:35,25.0,49.0,98.0
2026-03-28 09:21:36,25.0,49.0,98.0
2026-03-28 09:21:37,25.0,49.0,98.0
2026-03-28 09:21:38,25.0,49.0,98.0
2026-03-28 09:21:39,25.0,49.0,98.0
2026-03-28 09:21:40,25.0,49.0,98.0
2026-03-28 09:21:41,25.0,49.0,98.0
2026-03-28 09:21:42,25.0,49.0,98.0
2026-03-28 09:21:43,25.0,49.0,98.0
2026-03-28 09:21:44,25.0,50.0,98.0
2026-03-28 09:21:45,25.0,50.0,98.0
2026-03-28 09:21:46,25.0,49.0,98.0
2026-03-28 09:21:47,25.0,49.0,98.0
2026-03-28 09:21:48,25.0,49.0,98.0
2026-03-28 09:21:49,25.0,49.0,98.0
2026-03-28 09:21:50,25.0,50.0,98.0
2026-03-28 09:21:51,25.0,50.0,98.0
2026-03-28 09:21:52,25.0,50.0,98.0
2026-03-28 09:21:53,25.0,50.0,98.0
2026-03-28 09:21:54,25.0,50.0,98.0
2026-03-28 09:21:55,25.0,50.0,98.0
2026-03-28 09:21:56,25.0,50.0,98.0
2026-03-28 09:21:57,25.0,50.0,98.0
2026-03-28 09:21:58,25.0,50.0,98.0
2026-03-28 09:21:59,25.0,50.0,98.0
2026-03-28 09:22:00,25.0,49.0,98.0
2026-03-28 09:22:01,25.0,49.0,98.0
2026-03-28 09:22:02,25.0,49.0,98.0
2026-03-28 09:22:03,25.0,49.0,98.0
2026-03-28 09:22:04,25.0,50.0,98.0
2026-03-28 09:22:05,25.0,50.0,98.0
2026-03-28 09:22:06,25.0,50.0,98.0
2026-03-28 09:22:07,25.0,50.0,98.0
2026-03-28 09:22:08,25.0,50.0,98.0
2026-03-28 09:22:09,25.0,49.0,98.0
2026-03-28 09:22:10,25.0,49.0,98.0
2026-03-28 09:22:11,25.0,49.0,98.0
2026-03-28 09:22:12,25.0,49.0,98.0
2026-03-28 09:22:13,25.0,49.0,98.0
2026-03-28 09:22:14,25.0,49.0,98.0
2026-03-28 09:22:15,25.0,49.0,98.0
2026-03-28 09:22:16,25.0,49.0,98.0
2026-03-28 09:22:17,25.0,49.0,98.0
2026-03-28 09:22:18,25.0,49.0,98.0
2026-03-28 09:22:19,25.0,49.0,98.0
2026-03-28 09:22:20,25.0,49.0,98.0
2026-03-28 09:22:21,25.0,49.0,98.0
2026-03-28 09:22:22,25.0,49.0,98.0
2026-03-28 09:22:23,25.0,49.0,98.0
2026-03-28 09:22:24,25.0,49.0,98.0
2026-03-28 09:22:25,25.0,49.0,98.0
2026-03-28 09:22:26,25.0,49.0,98.0
2026-03-28 09:22:27,25.0,49.0,98.0
2026-03-28 09:22:28,25.0,49.0,98.0
